active_founders,batch,founded,industry,jobs,location,logo,long_description,name,region,short_description,status,tags,team_size,website
Matthew Sweeny,S15,,"Industrials,Drones",0,"Reno, NV",https://bookface-images.s3.amazonaws.com/small_logos/f7613d4b5db392ae5fc21774c6519b239f932651.png,"Flirtey is the leading drone delivery service. We are reinventing the on-demand economy with our network of flying robots for last mile delivery. Our mission is to save lives and change lifestyles by making delivery instant.

Flirtey’s drone delivery service is faster, more efficient and the ultimate customer experience. We’re rapidly growing our team and achieving a record number of historic firsts in the drone delivery industry, advancing autonomy, safety systems and advanced delivery technology.

If you are interested in having your goods delivered via Flirtey, or joining the team that is transforming the delivery industry, visit www.flirtey.com 

Recent Company Milestones:
- October 2017 – Announced a partnership to launch the first automated external defibrillator (AED) drone delivery service in the U.S.
- January 2017 – Raised $16 million in Series A funding from top Silicon Valley investors.
- August 2016 – Launched the world’s first commercial pizza-by-drone delivery model in partnership with Domino’s.
- July 2016 – Conducted the first fully autonomous, FAA-approved drone delivery from a store to a home in partnership with 7-Eleven. 
- June 2016 – Completed the first fully autonomous, FAA-approved ship-to-shore drone delivery in collaboration with Johns Hopkins. 
- April 2016 – The Flirtey drone used to make the first FAA-approved delivery in the U.S. accepted into the Smithsonian’s National Air and Space Museum, alongside the Space Shuttle Discovery and the Wright Flyer. 
- March 2016 – Conducted the first fully autonomous, FAA-approved urban drone delivery in the U.S. 
- July 2015 – Completed the first FAA-approved drone delivery on U.S. soil in collaboration with NASA Langley Research Center.
- Summer 2015 – Graduated Y Combinator.
- 2013 – Founded the first drone delivery service in the world.",Flirtey (SkyDrop),"Reno, NV, USA",Flirtey is the world’s first commercial drone delivery service and…,Active,drones,11,https://www.flirtey.com/
"Andrew Barnes,Chris Eigeland,Chris Hood,Vu Tran",S15,2015,"B2B,Human Resources",0,San Francisco,https://bookface-images.s3.amazonaws.com/small_logos/e1004ce910aafa76388e32ce5e89e431e2a22211.png,"In today’s environment, employees need training to ensure business compliance, skill development and to support an engaged workforce. Go1 brings together content from the world’s top training providers and makes it easy to access in whichever platform your organization uses. This makes it easier to deliver, manage and engage with training. Go1 also works with existing LMS, HRIS, and business systems to make learning simpler and more effective.",Go1,"San Francisco, CA, USA",A learning platform that enables you to train your staff or customers.,Active,elearning,650,https://go1.com
"Conor Murray,Phillip Wei",S15,2015,Fintech,0,San Francisco,https://bookface-images.s3.amazonaws.com/small_logos/3abd55a846c0a5b7e349727420a779d13c382e27.png,"OpenInvest is the first technology-backed, socially responsible investment asset management platform that aligns your investments with your values. OpenInvest’s proprietary technology seamlessly creates low-cost investment portfolios tailored to your values, while tracking market indices. A mission-driven company, OpenInvest was one of the first VC-backed Public Benefit Corporations.",OpenInvest,"San Francisco, CA, USA",Values based personalization at scale for asset and wealth management,Acquired,"fintech,investing",110,http://www.openinvest.com
"Mariya Nurislamova,Andrei Rebrov",S15,2013,"Consumer,Apparel and Cosmetics",0,New York,https://bookface-images.s3.amazonaws.com/small_logos/ed2169123442c921e8a4af29191c3b42cd5e18f3.png,"Scentbird inspires fragrance lovers to go beyond the ordinary and sample scents that evoke passion, confidence, and the unknown. 

Our mission is to revolutionize the way individuals perfume by bringing the ultimate fragrance playground right to their fingertips. By way of a monthly subscription service (starting at $14.95 a month), members can choose from over 500+ designer colognes and perfumes each month!

See what we're all about at: www.Scentbird.com // @Scentbird
*WE'RE HIRING!: https://www.scentbird.com/careers",Scentbird,"New York, NY, USA",Scentbird is a luxury fragrance subscription service.,Active,,165,https://www.scentbird.com
"Roger Lee,Paul Sawaya",S15,2015,"B2B,Human Resources",0,San Francisco,https://bookface-images.s3.amazonaws.com/small_logos/b1d2338596e801f39e8a6c668164ac020956c28f.png,"Human Interest is on a mission to ensure that people in all lines of work have access to retirement benefits. 

Nearly half of all working Americans are not saving enough for their future. Too often it’s because they are employed by a company that doesn’t offer a retirement plan. Human Interest is changing that by making it affordable and accessible for small and medium-sized businesses to offer employees a path to financial independence through retirement savings.

We’re a high-growth tech company changing the retirement industry. We’ve raised $500M and are backed by leading investors. Most recently, by funding from BlackRock as well as many other top investors: TPG (The Rise Fund) with SoftBank led our Series D, Glynn Capital, NewView Capital, USVP, Wing, Uncork, and others.",Human Interest,"San Francisco, CA, USA",The 401(k) for small and medium-sized businesses.,Active,"fintech,saas,human-resources,hr-tech,investing",765,http://humaninterest.com
"Dave Messina,Jarret Glasscock",S15,2015,"Healthcare,Diagnostics",0,"St. Louis, MO",https://bookface-images.s3.amazonaws.com/small_logos/0138772cf18d9846bdac1578f7edd2288e7e4142.png,"Cofactor uses RNA and Predictive Immune Modeling to build better biomarkers and improve patient outcomes.

Led by Jarret Glasscock and a group of expert human genome scientists,Cofactor has built a new category of diagnostic technology powered by unique and powerful RNA data models built on terabytes of data. 

The team recently had their technology validation peer-reviewed by the organizations that set standards for diagnostic technology (CAP, AMP) and is publishing in the Journal of Molecular Diagnostics. In addition, the team made news when Cancer Physicians who sit on the committee for patient treatment guidelines (NCCN) presented a clinical study using Cofactor’s technology showing superiority in predicting the patients who will respond to immunotherapy. This initial application is an acute problem recognized widely in the rapidly developing immunotherapy industry and represents north of a billion dollar TAM. 

After a number of recent key milestones, the team is taking the technology more broadly to 50% of cancers diagnosed in the US. 

Current investors include Menlo Ventures, DCVC, and Ascension Ventures (this last investor representing the funding arm for 13 National U.S. Healthcare Systems).",Cofactor Genomics,"St. Louis, MO, USA",Cofactor closes the precision medicine gap with predictive diagnostics,Active,"medical-devices,biotech",13,http://cofactorgenomics.com
Mattias Lepp,S15,,"Consumer,Home and Personal",0,Palo Alto,https://bookface-images.s3.amazonaws.com/small_logos/9f7218179cb848d389526954dcc8eb4e7347c22d.png,"Click & Grow is an innovative, international company that’s changing the way people think about plant cultivation and food. Our unique line of Smart Gardens and Wall Farms uses automatically controlled technology and specially developed Smart Soil to keep oxygen, water, and nutritional ingredients at optimal levels so plants thrive naturally. This helps anyone effortlessly grow plants with complete success and no need for GMOs, pesticides, fungicides, insecticides, plant hormones, or any other suspicious substances.

Venture-backed, and a favorite of Wired, TechCrunch, Business Insider and more, Click & Grow boasts a forward-thinking team, based in the San Francisco Bay Area, and Tallinn and Tartu, Estonia. Our current products are the first steps towards a greater revolution in urban farming, gardening, and beyond.",Click & Grow,"Palo Alto, CA, USA",Click & Grow makes indoor urban gardens and farms that take complete…,Active,"indoor-mapping,gardening",28,https://www.clickandgrow.com/
Sumir Meghani,S15,2016,"B2B,Recruiting and Talent",6,San Francisco,https://bookface-images.s3.amazonaws.com/small_logos/1712f8a08b08bb04e192934a1098d1b5144c875b.png,"Instawork is the on-demand staffing app for hourly workers and hospitality businesses. Our vision is to create economic opportunity for local businesses and professionals, globally. Workers need a better way to find great local jobs and businesses need a better way to find quality workers fast.",Instawork,"San Francisco, CA, USA",A flexible work app that connects businesses with hourly workers.,Active,marketplace,500,http://instawork.com
"Christian Timmerer,Setefan Lederer,Christopher Mueller",S15,,"B2B,Infrastructure",1,San Francisco,https://bookface-images.s3.amazonaws.com/small_logos/d22ccb72e758575588245bb8f517bbe35f7421e7.png,"Bitmovin has been a first mover in almost every significant development in online video, from building and deploying the world’s first (and fastest) commercial adaptive streaming (MPEG-DASH/HLS) HTML5 Player, to being the first to achieve 100x realtime encoding speeds in the cloud. Bitmovin provides HEVC as well as VP9 live streaming with 60FPS and 4K resolution, and built the first containerized video encoding solution with Docker and Kubernetes.

Bitmovin products are completely in-house developed, easy and fast to integrate and highly customizable. In combination with our great support, documentation and SLAs, this is a true enterprise offering.

To find out more about Bitmovin’s video infrastructure solutions, or about any individual products, contact sales@bitmovin.com, or visit our website: bitmovin.com",Bitmovin,"San Francisco, CA, USA",Powers OTT online video providers with video developer tools.,Active,"developer-tools,video",145,http://bitmovin.com
"Massimo Andreasi Bassi,Matteo Franceschetti,Alexandra Zatarain",S15,2014,"Consumer,Home and Personal",6,New York,https://bookface-images.s3.amazonaws.com/small_logos/b649c0ed7300661389c61da3478d9e510a6ef517.png,"Eight Sleep is the world's first sleep fitness brand with a mission to fuel human potential through optimal sleep. Founded in New York City in 2014, Eight Sleep leverages thermoregulation, data, and technology to design products to restore individuals to their peak energy every morning. Eight Sleep was named one of Fast Company's “Most Innovative Companies of 2018 and 2022”, and recognized by TIME's Best Inventions of 2018 and 2019.",Eight Sleep,"New York, NY, USA",The sleep fitness company.,Active,"hardware,health-tech",100,http://eightsleep.com
,S15,,"Fintech,Banking and Exchange",0,San Francisco,,"For the first time in history, Serica enables asset rights to be traded & stored on the Bitcoin blockchain by anyone, anywhere.

Serica is a commodities trading platform which connects investors to bitcoin-linked asset rights such as gold, silver, platinum & palladium assets tradeable on multiple digital money & precious metal exchanges.

Customers, anywhere in the world, can purchase commodities from Serica's dealer partners. Serica's decentralized custodian service publicly manage assets under custody, allowing safe & low-cost storage of valuable hard assets. Customers leverage DigitalTangible centralized & decentralized trading partner platforms to trade their asset-receipts for bitcoin or other digital money. Precious metal bullion may also be rapidly liquidated for cash or bitcoins.",Serica,"San Francisco, CA, USA",Financial payment and loan services for the Medical Cannabis and…,Inactive,"blockchain,fintech,cannabis,healthcare",2,http://sericapay.com
Brian Tobal,S15,,"B2B,Human Resources",0,New York,,"We're a fast-growing Y-Combinator (S15) backed startup, based in New York.

Hickory is the only training tool focused on retention, turning Sales and Customer Service staff into brand experts. The app predicts when a rep will forget what they’ve learned, and schedules review exercises tailored to their strengths and weaknesses to prevent that from happening.",Hickory,"New York, NY, USA",Hickory turns your employees into experts.,Inactive,education,11,http://hickorytraining.com
Michael Savaiano,S15,,"Real Estate and Construction,Construction",0,"Berkeley, CA",,"vernox is a streamlined production planning system for construction projects

Project teams use vernox to coordinate all aspects of their work on small to large-scale construction projects. Teams using vernox are able to easily communicate work plans, identify look ahead tasks, track and remove constraints and seamlessly update work plans from week to week based on actual task completion.",Vernox,"Berkeley, CA, USA",Production planning software for construction teams.  Like Asana or…,Inactive,construction,2,http://www.vernox.io
"Andrew Arruda,Pargles Dall`Oglio,Jimoh Ovbiagele",S15,,"B2B,Legal",0,San Francisco,https://bookface-images.s3.amazonaws.com/small_logos/e3214e5b63f02d78b040b5d2b3b07eb77155020f.png,"Founded by two computer scientists and an attorney, our mission is to develop technologies that increase access to legal services around the world. We are going after the $8B legal research market with our AI-powered legal research platform that allows lawyers to research in 80% less time and find cases they would have otherwise missed. Today, we are helping lawyers and law firms, including some of the world's largest, offer better and more affordable service to clients.

Website: www.rossintelligence.com
Twitter: @rossintel",ROSS Intelligence,"San Francisco, CA, USA",ROSS is an AI-powered legal research platform that can read and…,Inactive,"artificial-intelligence,legaltech",30,http://rossintelligence.com
"Dave Yen,Michael Wang",S15,2014,"Consumer,Travel, Leisure and Tourism",0,San Francisco,https://bookface-images.s3.amazonaws.com/small_logos/8d9445fe5d3cae262025d42b82fd1f3439b5bad6.png,A modern way to book hotel room blocks.,Roomblocker,"San Francisco, CA, USA",Hotel booking for groups and events.,Inactive,"marketplace,b2b,travel",2,http://roomblocker.com
"Oliver Takach,Klaus Mergener,Nik Swain",S15,,"Healthcare,Healthcare Services",0,San Francisco,,"CareLedger helps employers find the best priced quality healthcare for their employees in their area. By providing pricing data on local providers and motivating employees to save, CareLedger helps employers get healthcare spend under control and reduced by more than 10%. They provide insight into who is a high-performing, high-value provider, and then motivate employees to spend less.",CareLedger,"San Francisco, CA, USA",CareLedger helps companies save money on healthcare expenses by…,Inactive,"health-tech,insurance",0,http://careledger.com
"Dan Danay,Boris Lipchin",S15,,"Industrials,Drones",0,Boston,,"Airmada Inc. was founded out of MIT by Dan Danay. The mission of the company is to revolutionize commercial drone services by enabling efficient and reliable drone use for commercial and industrial purposes.
Airmada designs and builds automated ground stations for drones. Our stations protect the drone, replace its batteries and launch missions.
Airmada deploys these ground stations on mission sites to capture data, routinely and on-demand, operating drones autonomously and remotely.",Airmada,"Boston, MA, USA",Autonomous ground stations for drones,Inactive,"drones,logistics",2,http://www.airmada.com
"Praful Mathur,James Steinberg",S15,2014,"B2B,Supply Chain and Logistics",0,"Oakland, CA",,"Carefully engineered software to get products to your customers across the world faster and on time. We're trusted to simplify e-commerce and logistics by building the necessary tools for companies to improve their operations. These include determining key shipping routes, understanding customer demand, or reducing shipping and material costs.

We built Shotput so that people can use new technologies to manage work across companies which will allow them to precisely calculate costs & time. We'll enter a world where people no longer have to work on boring tasks of calling each other to find statuses or putting things into a box all day. Instead we can be free to think strategically about what we're building, who's the customer, and how to best serve their needs.",Shotput,"Oakland, CA, USA",Shotput (S15) develops AI and robotics to completely automate…,Inactive,"robotics,logistics,e-commerce",2,http://theshotput.com
Celina Tenev,S15,,"Healthcare,Healthcare Services",0,NY,https://bookface-images.s3.amazonaws.com/small_logos/a024dbe971a3a0b08fead92d39d49aa958d94e07.png,"Call9 delivers true Emergency Medicine and Palliative Care at patients'​ bedsides. Currently in Skilled Nursing Facilities, Call9 decreases the time patients wait to see an EM Physician from an average of 64 minutes to moments in emergency situations.

In tandem with 24/7 onsite Clinical Care Specialists*, offsite Emergency Medicine Physicians see, diagnose and treat patients at the bedside via the Call9 proprietary platform. Our focus goes beyond the medicine to assure premium patient-centered care by including patients, caregivers, and families in communications from the start.

Today, our proprietary technology-enabled services reduce cost and increase quality-of-care within elder-care facilities. Tomorrow, we redefine emergency medicine.

*Clinical Care Specialists(TM) are elite emergency responders. Excellent bedside manner and rigorous continuing emergency training make Call9, PC's CCSs a unique specialty.",Call9,"NY, USA",,Inactive,,51,http://callnine.com
"Bharat Kilaru,Jonathan Weinstein",S15,2015,"Healthcare,Healthcare IT",0,San Francisco,https://bookface-images.s3.amazonaws.com/small_logos/a127f7da546d737f54fe26c9a61b7150dc274721.png,Care coordination and collaboration tools for healthcare teams,Stitch Health,"San Francisco, CA, USA",Care Coordination Platform for Healthcare,Inactive,"saas,consumer-health-services",2,https://stitch.health/
"Tonjé Bakang Tonje,Ludovic Bostral",S15,,"Consumer,Content",0,"Paris, France",https://bookface-images.s3.amazonaws.com/small_logos/23bac7bdf8fa6ab458a9ef96ac2eb95deda6eb0a.png,"Afrostream brings you the best black shows, films, web series and more, streaming online anytime, anywhere. The site boasts an international library of 1,000+ hours of premium content, subtitled or dubbed according to the local market. Afrostream has licensing deals in place with Warner Brothers, Sony, Viacom, Lionsgate, and Sky Vision among others. 

The company has signed distribution deals with TF1, Orange and Bouygues telecom and debuted in the summer of 2016 on set-top boxes in over 12 million households in Europe. Afrostream was previously incubated by Silicon Valley’s prestigious Y Combinator and has secured investments from Orange, Cross Culture Ventures, and ACE & Company. Afrostream is accessible on Smart TVs, on the web, iPad, iPhone, and Android devices in 28 countries in Europe and Africa.

Afrostream targets the 15M people of African descent in Europe and 936M Africans in sub-Saharan Africa.",Afrostream,"Paris, Île-de-France, France",AFROSTREAM is Netflix for African-American and African  content…,Inactive,,11,http://afrostream.tv
Harry Zhou,S15,,"B2B,Legal",0,New York,,"jEugene jumpstarts definitions checks. In seconds, it highlights undefined terms and unused definitions right in the text of documents, so that lawyers can focus on harder problems. Not so long ago, a corporate associate experienced firsthand the stress of definitions checking. Catching all undefined terms and unused definitions is hard, especially when time is short and terms complex.",jEugene,"New York, NY, USA",jEugene highlights undefined terms and unused definitions in legal…,Inactive,legaltech,2,https://www.jeugene.com
"Ran Ma,Brad Menezes",S15,,"Consumer,Travel, Leisure and Tourism",0,,,,Apollo Health,,,Inactive,,0,http://tryapollo.com
Jay Reppert,S15,,"B2B,Retail",0,San Francisco,,"Bistrobot makes robots that make sandwiches. No more long lines and no more wrong orders, just good food fast. And the coolest part is you get to watch a robot make you lunch.",Bistrobot,"San Francisco, CA, USA",We make robots that make sandwiches.,Inactive,food-service-robots-&-machines,2,http://bistrobot.com
Brian Liou,S15,,Education,0,"Berkeley, CA",,"Leada offers a data training program that companies utilize to on-board their employees in the company's data.

The data training program enables professionals to understand how to answer the common business questions they face in their role using their BI tool, SQL, R, or Python.",Leada,"Berkeley, CA, USA",Online enterprise training in data science and analytics.…,Inactive,"elearning,data-science",1,http://www.teamleada.com
Matt Joseph,S15,,"B2B,Marketing",0,"Santa Monica, CA",,,Locent,"Santa Monica, CA, USA",Locent is an automated messaging platform for companies,Inactive,,11,http://locent.com
Deepak Boggavarapu,S15,,"Consumer,Home and Personal",0,San Francisco,,"Seva Coffee is a consumer electronics company based out of Calle Laguna del Marquesado Nª 19, Nave 16 Edificio Adriana 1ª Planta, Polígono Industrial La Resina (Villaverde), Madrid, Community of Madrid, Spain.",Seva Coffee,"San Francisco, CA, USA","We're changing the world of coffee, one personalized cup at a time.",Inactive,"e-commerce,personalization",2,http://sevacoffee.com
"Hunter Scott,Alex Trimm",S15,,"Industrials,Climate",0,"San Jose, CA",,"Ohm is smart enough to keep you from accidentally draining your battery if you forget to turn your lights off. It will automatically turn itself off when it gets critically low, and then switch itself back on when you go to start your car. No more getting strande",Ohm,"San Jose, CA, USA",Never jump start your car again.,Inactive,,0,http://getohm.com
"Yash Kothari,Pranshu Maheshwari",S15,2014,"B2B,Retail",0,New York,https://bookface-images.s3.amazonaws.com/small_logos/5239f1a49fa06d125e98d56bb9e5a5fd04d9f05a.png,"Prayas Anaytics helped retailers A/B test their stores, the way eCommerce companies A/B test their websites. We did this by continuously collecting data on customer movement using existing security cameras already in a retailer's stores. 

We were a Y Combinator backed company (S15) and worked with several retailers including Barneys, Payomatic, and multiple Fortune 200 retailers.",Prayas Analytics,"New York, NY, USA",A/B testing for brick-and-mortar stores.,Inactive,"saas,computer-vision,retail-tech",2,http://prayasanalytics.com
"eleazar .,Dylan Hand,William Koven",S15,,"Industrials,Manufacturing and Robotics",0,San Francisco,,"Reduced Energy Microsystems is building the most power-efficient silicon for embedded computer vision to bring visual intelligence to a whole new range of devices. By combining  proprietary asynchronous resilient technology with a custom neural network architecture, REM chips will handle state-of-the-art inference and traditional vision workloads in a tiny power envelope. REM makes  augmented reality, body-worn cameras, and autonomous robots smarter than ever before.",Reduced Energy Microsystems,"San Francisco, CA, USA",Building the lowest-power silicon for embedded deep learning and…,Inactive,"artificial-intelligence,hardware,computer-vision,energy",2,http://remicro.com
"Kyale Mwendwa,Kenneth Ngetha",S15,2015,"Fintech,Credit and Lending",0,"Nairobi, Kenya",https://bookface-images.s3.amazonaws.com/small_logos/7575b6c7cdd1dda68d08da1ffc6bb04df8e33cb7.png,"We're making a bank account that lets you easily separate, spend and track money. Just like houses have different rooms for different uses, our account lets you have dedicated pockets of money within your account for different uses. ",Saida,"Nairobi, Nairobi County, Kenya","A bank account that lets you easily separate, spend and track money",Inactive,,4,http://getsaida.com
Ryan MacArthur,S15,,"B2B,Security",0,Mountain View,,"Traversal Networks develops a new form of Network Intrusion Detection System designed to catch unknown threats. The Lateral Threat Detector appliances are easily installed on your corporate network. These analyst-assisted sensors learn traffic patterns on each of your network segments and detect lateral exploitation, backdoors, bots, malware, and network reconnaissance.

The Traversal Networks operate on four different platforms: learn, reputation, machine learning and search.

Traversal Networks has developed heuristics using a corpus of live network data combined with expertise in botnet detection to help filter traffic. Additionally, Traversal Networks uses IP and DNS reputation across all its deployed devices to detect new threats.

The Lateral Threat Detector appliances utilize reinforcement learning to continually enhance filtering performance on each network segment, and submit prefix-preserving anonymized data to our cloud making it available to be quickly searched in real time.

The Traversal Cloud Analysis platform was designed to enable its security analysts to quickly pivot on anomalous traffic seen across its network and classify it as malicious or benign.",Traversal Networks,"Mountain View, CA, USA","Enterprise Threat Detection: Tuning, Triage, and Analysis by Experts.",Inactive,cybersecurity,1,http://traversalnetworks.com
"Per Cromwell,Tomas Mazetti",S15,,"Consumer,Food and Beverage",0,"Stockholm, Sweden",https://bookface-images.s3.amazonaws.com/small_logos/3cb0d423265c382dac1bf3886ace3373fa1cdf08.png,"Wheelys is a chain of organic bicycle cafés that enables young people to start their own cafés. Since starting last year, Wheelys has sold over 800 cafés in 75 countries, which means it’s growing faster than any fast food chain. Ever. 

Wheelys vision is to make it easier for passionate people without money to open their own cafés, shops, and restaurants. 

Wheelys was hosted at Y Combinator (the accelerator behind Airbnb, Dropbox, and Reddit) and has been funded by, among others, Othman Laraki (Color Genomics), Paul Buchheit (creator of Gmail), Jared Friedman (founder of Scribd), and Justin Waldron (co-founder of Zynga).

“We will break the hegemony of the industrial fast food chains, and pave the way for an organic revolution. Helping us to do this is young hungry eco entrepreneurs from all over the world.”
Maria De La Croix, co-founder of Wheelys",Wheelys Café,"Stockholm, Stockholm County, Sweden","Worlds smallest and friendliest café franchise. ""The Bike-Powered…",Inactive,,11,http://wheelyscafe.com
"Chris Glace,Adam Steinberg",S15,,"Consumer,Transportation Services",0,"Atlanta, GA",https://bookface-images.s3.amazonaws.com/small_logos/1ba6d52ba6bf394b65e09f7ba66a0562b9bbcae4.png,"Fetch is a marketplace where you can rent a nearby truck instantly using just your phone. Instead of waiting in line at a traditional rental company, you can instantly book a truck in your neighborhood and unlock it with your smart phone - all at a lower price and without the hassle.
",Fetch,"Atlanta, GA, USA",Marketplace for self-service truck rental.,Inactive,"marketplace,logistics",24,https://fetchtruck.com
"Shuo Yang,Kevin Chan,Kent Mori",S15,,"B2B,Supply Chain and Logistics",0,"San Mateo, CA",,"Global manufacturing, simplified.

Maderight is your one-stop shop for fashion sourcing, manufacturing, and logistics. We manage your entire supply chain so that you can focus on building your brand and selling your products rather than worrying about manufacturing delays and mistakes. Our consortium of factories have been curated to guarantee ethical practices, quality assurances, and timely delivery. 

Y Combinator S15 & StartX S15",Maderight,"San Mateo, CA, USA","Global Manufacturing, Simplified",Inactive,manufacturing,51,http://maderight.com
Marcus Foster,S15,,"Healthcare,Diagnostics",0,"London, United Kingdom",,"Fully-automated Quantitative MR Image Analysis.

Our software converts a user’s full body magnetic resonance scan (MRI) into a 3D virtual model of their body in the cloud. The model is annotated with explanatory information so they can easily explore and learn about different parts of their body.

Klarismo is the only provider of MR analytics that can offer truly scalable analysis for large data collections. Cloud-based processing allows 1000s of acquisitions to be analyzed simultaneously. Machine learning techniques utilize Klarismo’s proprietary collection of labelled MRI data and eliminate the need for manual processing to produce precise volumetric measurements.

Klarismo specializes in the detailed analysis of body composition, including volumetric measurements of different muscle and fat tissues, from whole-body acquisitions.",Klarismo,"London, England, United Kingdom",Klarismo turns your body into an interactive experience. We built a…,Inactive,health-tech,2,http://klarismo.com
Anna Santeramo,S15,,"Consumer,Home and Personal",0,San Francisco,https://bookface-images.s3.amazonaws.com/small_logos/252ab20016d79c8371759cd8bead1d0167001a7f.png,"STYLEBEE is a beauty services provider, offering affordable and premier hair and make-up services to our clients anywhere, at any time. Our clients range from the working mom to the busy professional to the social weekender to the celebrity – common to them all is that they believe looking and feeling their best makes them be their best. Our highly vetted, seasoned beauty professionals provide each and every woman with a customized, glamorous experience - every day is an event.

STYLEBEE empowers every woman/man to experience beauty/men's grooming on their own terms. We help women everywhere, at any time, look and feel beautiful – because when you feel amazing, you make amazing things happen.",StyleBee,"San Francisco, CA, USA",marketplace for beauty services delivered at the convenience of…,Inactive,"marketplace,beauty",11,http://stylebee.com
Ricardo Garcia-Amaya,S15,2014,"B2B,Sales",0,"Redwood City, CA",https://bookface-images.s3.amazonaws.com/small_logos/812115043f551d4d5369796cd3279f6d690c0a1e.png,We provide businesses the opportunity to leverage AI conversational VoiceBots for Sales & Marketing.,VOIQ,"Redwood City, CA, USA",Conversational AI VoiceBots for Business,Inactive,saas,8,http://voiq.com
Alanna Gregory,S15,,"Consumer,Apparel and Cosmetics",0,New York,,"Vive is the modern beauty concierge for the modern woman. Vive gets you a convenient, top salon appointment in just two taps. Gone are the days of searching, Yelping and calling for an appointment. Vive members can enjoy unlimited blowouts to use at salons in the Vive network. 

www.vive.co",Vive,"New York, NY, USA",,Inactive,,11,http://
Jake Beyer,S15,,"Consumer,Home and Personal",0,San Francisco,,"Founded in May 2015 and based in San Francisco, California, Halolife is an online platform that provides step-by-step guidance to plan and find a burial or cremation service that meets your needs, budget, and location. Halolife is the only trusted online end-of-life marketplace that offers complete transparency of business reviews and prices of funeral and cremation providers.

Whether you are a family that needs immediate assistance or planning for the future, our team of caring experts will help you every step of the way. We eliminate the need to shop around by matching you with the right funeral provider. Currently, Halolife is operating in the state California with plans to expand to throughout the United States in the near future.",Halolife,"San Francisco, CA, USA",Halolife is an online platform to find and plan a burial or cremation…,Inactive,,2,http://halolife.com
Ammon Bartram,S15,,"B2B,Recruiting and Talent",0,San Francisco,https://bookface-images.s3.amazonaws.com/small_logos/b2db5bb9d86da1264497210fa121a02814b31acb.png,"Triplebyte is LinkedIn for software engineers. We help great engineers find work at the fastest growing companies in the world, with the least amount of time and effort. We work with a wide range of companies, including Apple, Facebook, Stripe and Dropbox and a lot more of mid-sized and smaller companies.",Triplebyte,"San Francisco, CA, USA",Intelligent technical hiring.,Acquired,saas,70,https://triplebyte.com
Kate Lawson,S15,,"B2B,Engineering, Product and Design",0,"Oakland, CA",,"Track code in iOS and Android apps with our software similarity web service. Discover code quality, origin, and intent with our in-depth scan. Our patent-pending analysis engine can match up code and find variants, cross-platform.

See our public report on SDK marketshare at http://sourcedna.com/stats",SourceDNA,"Oakland, CA, USA",Bringing transparency to the app stores and helping developers build…,Acquired,analytics,6,http://sourcedna.com
"Porter Braswell,Ryan Williams",S15,2015,"B2B,Recruiting and Talent",0,New York,https://bookface-images.s3.amazonaws.com/small_logos/3dd0767f5aa369853ca43c4cfdc902eda25965f9.png,"Jopwell’s mission is to make a substantial, measurable impact on increasing Black, Latinx, and Native American representation in the workforce. Jopwell strives to build inclusive workplaces where our members can bring their authentic selves to work. We do this by assisting companies with their recruitment, marketing, and retention efforts for communities of color. ",Jopwell,"New York, NY, USA","Career advancement for Black, Latinx & Native American professionals.",Acquired,"saas,recruiting",50,http://jopwell.com
"Michael Babineau,Lillian Chou",S15,2015,"B2B,Analytics",0,"San Mateo, CA",https://bookface-images.s3.amazonaws.com/small_logos/b0e1ab4f20c9665aacb49bbea815135e794fb13b.png,"Second Measure is a Silicon Valley technology company and leading provider of data analytics that deliver valuable insights into company performance and consumer behavior.  Investors use these tools for screening/sourcing, thesis validation/diligence, and intra-quarter KPI prediction. Consumer brands use these tools for competitive benchmarking and to make key decisions on product strategy, partnerships, and growth marketing.

Second Measure is based in San Mateo, CA with an additional office in New York. We’re proudly backed by Bessemer Venture Partners, Goldman Sachs, Citi Ventures, Y Combinator, and other top investors.

We'd love to hear from you if you're passionate about data, working with a bright team, and want to be a part of a growing startup.
",Second Measure,"San Mateo, CA, USA",Unlock the power of transaction data.,Acquired,fintech,62,http://secondmeasure.com
Talia Frenkel,S15,,"Consumer,Home and Personal",0,San Francisco,https://bookface-images.s3.amazonaws.com/small_logos/c512759ec38127d539c00b4fc71341088f5484a2.png,"For every L. product sold, one is made accessible to another woman or girl who needs it. L. has been named ""Best for the World"" by B Corp, a ""future-forward company"" by Fast Company and ""a model of sustainable innovation"" by Forbes. After making more than 250 million products accessible in over 20 countries around the world L. was acquired by P&G in 2019 where it retained its status as a Public Benefit Corp. L. continues to be dedicated to its solidarity model and is scaling to reach billions of people around the world.",L.,"San Francisco, CA, USA",L. makes award-winning personal care products with organic materials.,Acquired,"beauty,health-&-wellness",,http://thisisL.com
"David Dollar,Matt Manning,Noah Zoschke",S15,2015,"B2B,Infrastructure",0,"Atlanta, GA",,Convox provides an unparalleled development and deployment platform for apps. Deploy in your own account on the cloud provider of your choice.,Convox,"Atlanta, GA, USA","Open-source tools for deploying, managing, and monitoring cloud…",Acquired,,3,http://convox.com
Gadi Evron,S15,,"B2B,Security",0,"Tel Aviv-Yafo, Israel",,"Cymmetria is a cybersecurity company at the forefront of deception technology, and offers the only commercially available deception technology that has caught 5 nation-state APTs.

Cymmetria’s deception products, MazeRunner and ActiveSOC, give organizations the ability to hunt attackers, detect lateral movement inside the perimeter, automate incident response, and mitigate attacks. The company also offers deception as a service, enabling organizations to customize deception technologies for their business environment. 

Founded in 2014 by security expert Gadi Evron, Cymmetria is changing the asymmetry of cybersecurity, giving defenders the upper hand.

For more information, visit www.cymmetria.com.",Cymmetria,"Tel Aviv-Yafo, Tel Aviv District, Israel",Shifting the asymmetry of cyber security.,Acquired,,11,http://cymmetria.com
"Eliam Medina,Rob Dyson",S15,2014,"Consumer,Home and Personal",0,"Miami, FL",https://bookface-images.s3.amazonaws.com/small_logos/d1f750ae2fae8260d1b7bcac563c133322c158fc.png,Willing makes it easy for people to make wills without a lawyer. Answer simple questions and we'll instantly create all the legal documents you need to name guardians for your children and transfer your assets. We were acquired by MetLife and our technology now powers the world's largest legal insurance company.,Willing,"Miami, FL, USA",The best way to make your legal will.,Acquired,"documents,consumer,b2b,legaltech",10,https://www.willing.com/
Aren Sandersen,S15,2015,"B2B,Security",0,San Francisco,https://bookface-images.s3.amazonaws.com/small_logos/3c5bf5efdae9a1f09f6bf09d6ac33cf2461c3698.png,"Foxpass increases your organization's server and network security by ensuring employee accounts have access only to what they need.

Our cloud-hosted LDAP and RADIUS systems help you bring best-practices to your infrastructure. And they're backed by your existing Google Apps accounts.",Foxpass,"San Francisco, CA, USA",Making enterprise security practices available for all companies.,Acquired,devsecops,10,https://www.foxpass.com
"Joe Du Bey,Kyle Wilkinson,Guy Morita",S15,2015,"B2B,Human Resources",0,San Francisco,https://bookface-images.s3.amazonaws.com/small_logos/6f59a6cd72ad7a541111cd58bd8a38bbd6fb95f4.png,"Eden provides workplace software for modern companies. Our suite includes tools such as Desk Booking, Room Scheduling, Visitor Management, and more.",Eden,"San Francisco, CA, USA",Workplace software for people-centric companies. ,Acquired,"saas,human-resources,b2b,collaboration,hr-tech",45,https://www.edenworkplace.com
"Cooper Newby,Gino Rooney",S15,,"B2B,Recruiting and Talent",0,"Chicago, IL",https://bookface-images.s3.amazonaws.com/small_logos/6fd831042784faacd5778896293973dbf1f4b6db.png,"BlueCrew is an on-demand, data-driven staffing platform for blue collar jobs in Los Angeles, San Francisco Bay Area, Sacramento, and Reno. Bluecrew is a seed-stage, YC backed company creating software to automate outdated, and inefficient traditional temp agencies. We are the best platform to quickly fill positions with high-quality workers.

Bluecrew is an ideal staffing partner for companies looking for temporary, seasonal, or temp to hire workers for jobs including event staff, warehouse staff, drivers, forklift operators, data entry personnel, movers, and customer service reps. By innovating on screening, matching, dispatching, and time tracking technology, BlueCrew eliminates the major pain points of other alternatives.",Bluecrew,"Chicago, IL, USA",Bluecrew is a web based staffing agency.,Acquired,,100,http://bluecrewjobs.com
"Kubi Mensah,Dominik Thalmann",S15,,"B2B,Security",0,"London, United Kingdom",,"Sphere Secure Workspace

For a product demonstration, or for any other enquiries please contact at info@sphere.works",Sphere Secure Workspace,"London, England, United Kingdom",,Acquired,,2,http://sphere.works
"Ted Benson,Jake Lau",S15,,"B2B,Productivity",0,San Francisco,https://bookface-images.s3.amazonaws.com/small_logos/90f9b61c66a2eee15ffee0a7f42a798fb12f7525.png,"Cloudstitch is an early-stage, venture-backed, Y Combinator start-up serving the developer community based on research started at MIT. Their web developer platform connects webs/mobile apps with ordinary spreadsheets, replacing custom databases and the infrastructure surrounding it. The data flows both ways: updating your spreadsheet automatically changes the website, and interacting with the website changes your spreadsheet. They’re used in production by thousands of web developers on both the Google and Microsoft Office platforms.

Their mission is to democratize the web, making web development simpler. faster, and more intuitive.",Cloudstitch,"San Francisco, CA, USA",Power your website with Google Spreadsheets.Acquired by Instabase…,Acquired,"developer-tools,saas",4,http://cloudstitch.com
"Phillip Mendonça-Vieira,Max Veytsman",S15,,"B2B,Security",0,"Toronto, Canada",https://bookface-images.s3.amazonaws.com/small_logos/812e3473cee76ddf3c226c05edc2883848c5fb14.png,"Never run vulnerable software again.
We monitor your servers, and notify you when you need to update. 

Try us for free: https://appcanary.com",Appcanary,"Toronto, ON, Canada",Appcanary tracks the dependencies you use in your apps and servers…,Acquired,security,2,http://appcanary.com
"Nilmi Senaratna,Dan Rosa",S15,2015,"Industrials,Energy",0,"Dakar, Senegal",https://bookface-images.s3.amazonaws.com/small_logos/3751af1542889901d13184741ecfc6fe958d8930.png,"Oolu was founded by Nilmi Senaratna and Dan Rosa in 2015. 

The company's mission is to provide off-grid households in rural regions in Africa with high quality products at an affordable price. In Wolof, a national language of Senegal, Oolu means ‘trust.’",Oolu,"Dakar, Dakar Region, Senegal",Oolu is one of the fastest growing off-grid solar firms in West Africa,Acquired,solar-power,230,http://oolusolar.com
Mukti Parikh,S15,2014,"Healthcare,Drug Discovery and Delivery",0,"San Jose, CA",https://bookface-images.s3.amazonaws.com/small_logos/02c9913df4688a7af8c4ac4519928e3912a7a8d4.png,"zPREDICTA is developing organ-specific, physiologically-relevant 3D cell culture models providing a 1-to-1 reconstruction of human tissues. This is the only available 3D culture approach that comprehensively accounts for the major components of the cellular and extracellular tissue microenvironment preserving the critical interactions between a tumor and its surroundings. Clinical study data demonstrate the high correlation between drug efficacy measured in our platform and the clinical response. The ability of the zPREDICTA platform to reliably predict clinical outcomes offers superior compound attrition management, empowering researchers to exclude ineffective compounds while selecting agents with a high probability of success in the clinic.

Our approach is compatible with any drug class, multiple tissue/cell types and a wide variety of readouts.  Our customers are using these models for efficacy screening of anticancer compounds, including immuno-oncology agents, evaluation of mechanisms of drug resistance, the rescue of failed drug candidates, assessment of off-target toxicity, and a multitude other applications.",zPREDICTA,"San Jose, CA, USA",Patient-derived 3D tissue reconstruction models for preclinical…,Acquired,,2,http://zpredicta.com
"Chris Bakke,Darren Nix,Daniel O'Shea",S15,,"B2B,Recruiting and Talent",0,"Austin, TX",https://bookface-images.s3.amazonaws.com/small_logos/34109dc6ab458d2caa1cccf55b6ec7163db8c41d.png,"Indeed, the world’s number one job site has acquired Interviewed - http://press.indeed.com/press/indeed-acquires-leading-hr-technology-company-interviewed/",Interviewed,"Austin, TX, USA",Job simulations and assessments.  See candidates in action doing the…,Acquired,"recruiting,hr-tech",0,http://interviewed.com
"Karim Atiyeh,Eric Glyman",S15,2015,Fintech,0,New York,https://bookface-images.s3.amazonaws.com/small_logos/d5d9ef305fdb2a6449bfa11545604de1f338a4ff.png,,Paribus,"New York, NY, USA",,Acquired,"finops,fintech,payments,productivity",,https://ramp.com/
"Prahasith Veluvolu,Colton Voege,Jacobi Petrucciani",S15,2014,Education,0,"Indianapolis, IN",https://bookface-images.s3.amazonaws.com/small_logos/45439b8801fbe19cfcd13d3cf9f544652ce1d3ec.png,"Mimir is venture backed startup in Indianapolis, Ind., focused on creating products to better computer science. We’re hiring rapidly to help satisfy the educational needs of instructors and students all over the world. Our primary product, the Mimir Classroom, is deployed in more than 70 universities allowing computer science instructors to teach their courses more effectively! 

We don’t need (or want) you to be perfect, but we expect you to work hard, move fast, and constantly iterate until we get it right. If you’re looking to be challenged every day, make a huge impact, and help define a large part of the future of computer science, then this job is for you.",Mimir,"Indianapolis, IN, USA","A platform for STEM courses featuring automated grading, plagiarism…",Acquired,,8,https://mimirhq.com
"Jonathan Lin,Rick Ling",S15,,"Consumer,Content",0,"Berkeley, CA",,"Blitz Esports is a tech and media startup focused on bridging the gap between esports fandom and personal gameplay. We're one of the premier media publications in esports, specializing in educational video content for League of Legends, CS:GO and Overwatch.

We've also developed the first fully automatic League of Legends coaching app, which uses computer vision and data-driven insights to proactively help gamers make better decisions at each step of their gameplay experience. A month into open beta, the Blitz app is now used in over a million games each week.",Blitz Esports,"Berkeley, CA, USA",Blitz breaks down the complex world of esports and offers new…,Acquired,"media,esports",11,http://blitzesports.com
"Victor Liew Jia Hao,Tianwei Liu",S15,,"Fintech,Payments",0,"Singapore, Singapore",https://bookface-images.s3.amazonaws.com/small_logos/2fea55ddf6b75371887dc67daba49c0771b81583.png,"Xfers is a Singaporean-based payment processing gateway offering credit card processing and Internet banking transfers. As a graduate of Y Combinator’s Summer 2015 Class, Xfers aims to unify banking networks across Southeast Asia. Featured on Techcrunch and coined as the Paypal of Southeast Asia by Channel News Asia, we simplify and redefine the process of collecting and receiving payments in Southeast Asia.  

In 2016, Xfers announced its first round of seed funding. Its investor portfolio includes venture capital firms such as Quest Ventures, 500 Startups, Golden Gate Ventures and angel investors such as Eduardo Saverin.",Xfers,"Singapore, Singapore",Xfers makes it possible for people to make and receive payments via…,Acquired,,51,http://xfers.com
Debo Olaosebikan,S15,,"B2B,Engineering, Product and Design",0,San Francisco,https://bookface-images.s3.amazonaws.com/small_logos/90a19b69d83b8dcb66c12aababed617ce677be87.png,"Gigster is democratizing access to software by enabling organizations harness the best teams regardless of where they are in the world.

Businesses with access to custom software have thousands of times more leverage than those without. We believe that by democratizing access as well as the ability to build great software we can increase the pace and efficiency of human advancement. 

Core to our approach is building the best place to work on the internet. We are building the largest network of exceptional engineers, designers, and product managers and making this network available to businesses. We are also using software and insights from thousands of projects to improve the odds of successful outcomes. 

Gigster is backed by Andreessen Horowitz, Redpoint, Marc Benioff, Adam D'Angelo, Michael Jordan and others.  Gigster has served well over 1000 customers including multiple F100 companies spanning a range of industries.",Gigster,"San Francisco, CA, USA",Build and manage distributed teams,Acquired,,51,https://gigster.com/
"Christina Bognet,Daniel Nelson",S15,,"Consumer,Food and Beverage",0,San Francisco,https://bookface-images.s3.amazonaws.com/small_logos/7c1c96eca021da99c9b0563521d46193e6ba5a91.png,"PlateJoy uses 50 data points about how you eat and live to determine what you should be eating and provides customized meal plans and shopping lists to help you reach your goals. We provide a digital Diabetes Prevention Program, available for free to over 60M covered lives, paid for by insurers.",PlateJoy,"San Francisco, CA, USA",PlateJoy is building the technology to power disease prevention and…,Acquired,health-tech,11,http://platejoy.com
"Nalin Gupta,Jit Ray Chowdhury",S15,2015,"Industrials,Automotive",0,"Santa Clara, CA",,"We are building self-driving shuttles for transportation within campuses like universities, resorts, airports, and retirement communities. 

Website: www.auro.ai",Auro Robotics,"Santa Clara, CA, USA",Autonomous shuttles for campus-like environments.,Acquired,robotics,10,http://www.auro.ai/
Rehman Merali,S15,2013,"B2B,Human Resources",0,"Toronto, Canada",https://bookface-images.s3.amazonaws.com/small_logos/505488f8533d6ad0f763f2073cd9f12607094ea9.png,"teaBOT offers an amenity-as-a-services to offices and showrooms. Your staff and clients will love coming to your space and sharing their custom-made tea blend with colleagues and guests! 

Offices like Google, HubSpot, and McKinsey use teaBOT as a recruiting and retention tool to have their teams love coming into the office!

Details at www.teabot.com",teaBOT,"Toronto, ON, Canada",A robot that makes tea!,Active,"food-service-robots-&-machines,hardware",2,http://teaBOT.com
"Jordan Brown,Eric Kreutzer",S15,2014,"Consumer,Home and Personal",3,San Francisco,https://bookface-images.s3.amazonaws.com/small_logos/175d327b10d198af9d6946ff8e8cd89695e9fabc.png,"Lugg is building the best way for you to get anything moved. With the push of a button, you are connected to movers and a truck. They make it dead simple to get your new furniture home, your craigslist purchases delivered to you, and moving all of your stuff into your new apartment.

They are located in San Francisco and well-funded by some of the greatest investors in the world, like A-Capital, Sequoia Capital, SV Angel, and Y Combinator.

They are a small team with incredibly hard problems to solve. They are hiring and would love to hear from you! hello@Lugg.com

Download Lugg and let them be your friend with a truck! http://lugg.com",Lugg,"San Francisco, CA, USA","Move anything, anytime, anywhere",Active,logistics,50,http://lugg.com
"Alexander Klizhentas,Ev Kontsevoy,Taylor Wakefield",S15,2015,"B2B,Infrastructure",0,"Oakland, CA",https://bookface-images.s3.amazonaws.com/small_logos/232b4ff716a738c3027603248f32b30a04836498.png,"Our open source Infrastructure Access Platform helps developers and security professionals to simplify secure access to servers, Kubernetes, internal web apps, databases, and cloud provider APIs across all environments. ",Teleport,"Oakland, CA, USA","The easiest, most secure way to access all your infrastructure",Active,"developer-tools,devsecops,next-gen-network-security",200,https://goteleport.com
"Joe Greenstein,Semira Rahemtulla",S15,,Unspecified,0,San Francisco,,"Leaders In Tech Fellows is a 10-month program limited to 72 hand-picked founders nominated by the tech community for their commitment to building high-performing and culturally-healthy organizations.

The Fellows program is based on the legendary Interpersonal Dynamics (""Touchy Feely"") class at the Stanford Graduate School of Business and is led by Carole Robin former faculty director and matriarch of that program. 

146 Fellows alumni now run companies valued at over $50B that employ thousands of people.",Leaders In Tech (formerly InnerSpace),"San Francisco, CA, USA","Helping founders improve themselves, their companies, and the world.",Active,community,1,http://leadersintech.org
"Jason Boehmig,Cai GoGwilt",S15,2014,"B2B,Legal",3,San Francisco,https://bookface-images.s3.amazonaws.com/small_logos/617ef74a3e62398db60a2179add2a7f75d8bbd18.png,"Contracts are business decisions trapped in administrative tasks. Ironclad is software that does all the administrative work better left for a robot, freeing legal teams to do more substantive work and drive business strategy. By automating contracting processes and extracting intelligence from contracts, Ironclad lets legal teams focus on legal work, rather than paperwork. Legal teams at companies like Gusto, HotelTonight, GoFundMe, Glassdoor, Procore use Ironclad to get their contracts done more efficiently and accurately, and to maintain a single source of truth regarding their contents.

Headquartered in San Francisco, Ironclad is backed by Accel, Greylock, SV Angel, Formation 8, and was incubated in Y Combinator. For more information, visit https://www.ironcladapp.com.",Ironclad,"San Francisco, CA, USA",Digital contracting platform for legal teams.  ,Active,"saas,legaltech",400,http://ironcladapp.com
"Brett Hagler,Matthew Marshall",S15,2014,Real Estate and Construction,0,"Atlanta, GA",https://bookface-images.s3.amazonaws.com/small_logos/280805d97b8f928525e064cfec1a11ad08073997.png,"Since its inception, NS has raised over $80 million to build thousands of homes across Latin America and impact ~20,000 individuals. In 2021, NS launched a venture capital fund, Hometeam Ventures, focused on early-stage construction and housing innovations. NS graduated from Y Combinator and is a 4x recipient of Fast Company’s Most Innovative Company.",New Story,"Atlanta, GA, USA",We pioneer solutions to end the global housing crisis by empowering…,Active,"fintech,nonprofit",30,http://newstoryhomes.org
Ashley Wong,S15,,"B2B,Office Management",0,"San Leandro, CA",https://bookface-images.s3.amazonaws.com/small_logos/083acf84edb567678955a3853f652e2b1328fea3.png,"Gemnote creates custom merch, swag and gifts for the modern business. Our expert team helps you curate, source, warehouse, fulfill and ship your branded merchandise and company swag, so you don't have to lift a finger. Our clients love our full-service platform and they are some of the biggest companies in the world, including Airbnb, Google, Meta, Slack, Netflix and more.",Gemnote,"San Leandro, CA, USA","Gemnote is the easiest way to design, create and send custom products.",Active,"e-commerce,customization",40,http://gemnote.com
Jonathan Friedman,S15,2014,"B2B,Supply Chain and Logistics",0,"Redwood City, CA",https://bookface-images.s3.amazonaws.com/small_logos/6ccab13d3e0d1ffa05b2e8a687246cac34ef55b8.png,"Crowdfunding has fueled an increase in innovative product companies turning to Chinese factories for production.

Yet, Chinese factories seem undifferentiated because they all make the same, unverifiable claims of excellence. 

This results in competition centered on price. Factories are forced to under-bid contracts to win business, but often, they later surprise the customer with quality problems and delays.

This process is broken. We install cameras and remote monitoring software on the assembly line, and this ensures compliance with test protocol, improves quality, reduces liability, and helps fight warranty fraud.

We charge a nominal per-unit fee to the OEM and revenue share with the factory when they demonstrate compliance with quality standards (whether units pass or fail).

It encourages better behavior from factories and rewards those who perform with an audit trail of good performance that helps them win new foreign business.

On average, defect rate will fall 75% within 5 months of deploying Assembly at a factory.",Assembly,"Redwood City, CA, USA",Advanced manufacturing and distribution solutions (for China-based…,Active,"logistics,manufacturing,china",12,https://asm.co/
"Neil Chudleigh,Bryn Jones,Jonathan Mendes,Luke Swanek",S15,2015,"B2B,Marketing",0,"Toronto, Canada",https://bookface-images.s3.amazonaws.com/small_logos/e130ed8d270dae9cb2eace1ef6128c1722eb6610.png,"PartnerStack is a full stack solution for partnerships. The platform supports partner marketing, referral, and reseller activity, and solves for partner application management, engagement, attribution, education, payouts, compliance, and additional partner channel needs.

Companies using PartnerStack have their program listed in PartnerStack's marketplace, exposing their program to a growing network of +450,000 partners. These companies see a +30% revenue increase in their partner channels due to partners acquired through PartnerStack's network. The network allows partners to sell multiple SaaS applications from a single platform - a necessity for integrated SaaS solutions investing in channel.

The most trusted and fastest growing SaaS companies in the world are turning to PartnerStack to support their channel growth, including Intuit, Asana, Freshworks, Zendesk, Aircall, Intercom, and more.",PartnerStack,"Toronto, ON, Canada",PartnerStack is a full stack solution for partnerships.,Active,"marketplace,saas",200,https://partnerstack.com
"Scott Montgomerie,David Nedohin",S15,2011,"Consumer,Virtual and Augmented Reality",2,San Francisco,https://bookface-images.s3.amazonaws.com/small_logos/dd2618fd17df77d59e89a4d1e0fb7a94d311b090.png,"Scope AR is the pioneer of enterprise-class augmented reality (AR) solutions, delivering AR tools for getting workers the knowledge they need, when and where they need it. 

Scope AR is revolutionizing the way enterprises work and collaborate with intuitive augmented reality tools that deliver the real-time knowledge sharing needed to conduct complex remote tasks, employee training, product and equipment assembly, maintenance and repair, field and customer support, and more.

Remote AR
Remote AR is an augmented reality telepresence tool; the expert has access to the field technician’s view through their hardware device (tablet, glasses, or smart phone) and can add or manipulate augmented content to aid the technician in completing the process efficiently and safely.  

WorkLink
A product that we can license to our clients, which will allow you to build, deploy, and manage your own augmented reality solutions. WorkLink also provides unprecedented levels of access to information generated by work processes, both active (measurements, photos etc) and passive (date,time and geolocation etc)",Scope AR,"San Francisco, CA, USA",Scope AR is the leading provider of User Guided Augmented Reality…,Active,"saas,augmented-reality",50,http://scopear.com
"Mo Firouz,Andrei Mihu,Chris Molozian",S15,2014,"Consumer,Gaming",3,"London, United Kingdom",https://bookface-images.s3.amazonaws.com/small_logos/95f6119b5411a68763474b99df16ec158221568b.png,"At Heroic Labs, we proudly present our comprehensive suite of products, meticulously designed to address the multifaceted demands of the contemporary gaming industry. Our cornerstone offerings—Nakama, Hiro, Satori, and Heroic Cloud—comprise the Heroic Game Stack, an integrated platform delivering unparalleled performance and flexibility.

Heroic Labs is a company by a team of engineers with backgrounds in distributed databases, big data analytics and high-volume mobile application APIs, and game development. We want to make it effortless for any game studio to build beautiful social and multiplayer games which work at massive scale.",Heroic Labs,"London, England, United Kingdom","Social Infrastructure for Games; Makers of Nakama game server, Satori…",Active,"cloud-gaming,developer-tools",21,http://heroiclabs.com
Natasha Baker,S15,,"B2B,Engineering, Product and Design",6,San Francisco,https://bookface-images.s3.amazonaws.com/small_logos/28d703d7d5920b0a08a9902602fdc87b96bb313b.png,"Built by electrical engineers for electrical engineers, SnapMagic removes monotony so that engineers can do their best work. SnapMagic’s electronic component data is used by over 1.5 million engineers across the world’s largest organizations. Its new AI Copilot will change the way that every engineer designs electronics. Join at www.snapmagic.com.",SnapMagic,"San Francisco, CA, USA",AI copilot for electronics design,Active,"developer-tools,hardware,marketplace,ai",28,https://www.snapmagic.com
"Matt Li,Tim Mak",S15,,"B2B,Retail",0,Hong Kong,https://bookface-images.s3.amazonaws.com/small_logos/666b04587c6533b8c956eb24e0200e32405aed78.png,"Branch8 offers e-commerce sellers access to a single platform that lets them list their products across a wide swath of e-commerce sites. Updating and delisting items are similarly simple. Plus, the company also offers logistics and order management – the idea is that it can be a one-stop shop for e-commerce sellers, helping them to earn more money while saving them valuable time.

Branch8 is created by a team of sellers and engineers. They live and breathe e-commerce. In the past, They were a top seller selling across Lazada, Qoo10, Rakuten, Amazon and Ebay. Their team consists of individuals from Lazada, Rocket Internet, Facebook and Microsoft.",Branch8,"Kowloon, Hong Kong",Branch8 helps sellers to list and manage products on e-commerce…,Active,marketplace,15,http://branch8.com
"Steve Albarran,Miller Aaron",S15,2015,"B2B,Operations",0,Palo Alto,https://bookface-images.s3.amazonaws.com/small_logos/33dbffe2b04c05f3f81daf8f724a1ad65f7cd311.png,"Confident LIMS is a leading Laboratory Information Management System (LIMS) serving high-throughput labs in regulated industries. Confident LIMS is a B2B Software-as-a-Service (SaaS) platform with strong network effects among our lab customers and their testing clients. We currently serve >60% of the legal cannabis industry in the United States and are expanding into mainstream agriculture, food & beverage, and environmental industries.

In early 2022, we pivoted away from seeking to be the leading online B2B wholesale marketplace in the legal cannabis industry to be the best LIMS in the world in the agriculture, food & beverage, environmental and industrial chemicals industries.",Confident LIMS,"Palo Alto, CA, USA",Laboratory Information Management System (LIMS) serving…,Active,"saas,b2b,cannabis,compliance,enterprise-software",17,https://confidentlims.com
"Jason Gray,Andy Moon",S15,,"Industrials,Climate",0,"Kathmandu, Nepal",https://bookface-images.s3.amazonaws.com/small_logos/eee49613f2a6fc2f2eda54599ee09dc7c3daee88.png,"SunFarmer provides affordable solar energy for hospitals, schools, businesses, and farms in developing countries.

In many parts of the world, electricity is unavailable, unstable, or extremely expensive. Yet reliable electricity is critical for high quality healthcare, modern education, economic development, and improved agricultural productivity. 

Learn more at sunfarmer.org",SunFarmer,"Kathmandu, Central Development Region, Nepal",Reliable and affordable solar energy in developing countries.,Active,solar-power,15,http://sunfarmer.org
Christopher Davlantes,S15,,"Industrials,Energy",2,"Emeryville, CA",https://bookface-images.s3.amazonaws.com/small_logos/2996d2661354e506266f6122ea522379aa429590.png,"Reach Labs is building long-range wireless power networks that deliver scalable, resilient energy infrastructure.",Reach Labs,"Emeryville, CA, USA","Long range, wireless energy distribution that scales",Active,"climate,energy",16,https://reachlabs.co/
"Fabio Fleitas,Carlos Vega",S15,2013,"B2B,Finance and Accounting",0,San Francisco,https://bookface-images.s3.amazonaws.com/small_logos/ca7ba720859e309c7fb63d87f38791243c9e8a8f.png,"Tesorio is the world’s first and only cash flow performance platform. It empowers CFOs and finance teams to boost profits by using artificial intelligence to better manage, predict, and collect cash.",Tesorio,"San Francisco, CA, USA",Tesorio is the cash flow performance platform that helps finance…,Active,"fintech,saas,b2b",53,https://www.tesorio.com
Brian Bennett,S15,2015,"Industrials,Agriculture",0,New York,https://bookface-images.s3.amazonaws.com/small_logos/36ed02c8fd97dc887a62befb811f54de6a64ba08.png,"Thrive Agritech designs and manufactures advanced lighting fixtures for indoor agriculture. We have a patent pending LED lighting system that precisely targets various photosynthetic spectrums.

Many thousands of our LED lighting fixtures have been installed in some of the world's leading indoor farms. Our products are saving millions of watt-hours of energy every day in vertical farms, greenhouses and cannabis production facilities.

Agritech expands beyond lighting and so do we. Our R&D team is actively involved in creating advanced sensor and communications networks to work with both human and artificial intelligence to create the optimized farm of the future.",Thrive Agritech,"New York, NY, USA",We design and manufacture energy efficient LED lighting fixtures for…,Active,"vertical-farming,agriculture,sustainable-agriculture",8,http://www.thriveagritech.com
Alice Zhang,S15,2015,"Healthcare,Drug Discovery and Delivery",0,San Francisco,https://bookface-images.s3.amazonaws.com/small_logos/c4cfdad3584cced8a30fec859292e2380372a30d.png,"Verge uses artificial intelligence and human data to develop better drugs faster. Verge has an end-to-end technology-driven drug discovery and development platform, featuring one of the field’s largest and most comprehensive proprietary patient genomics datasets from human tissue. Verge uses machine learning to mine this data and develops these insights into new drugs using it’s human-centric biology and chemistry platforms. ",Verge Genomics,"San Francisco, CA, USA",We use human data and AI to develop better drugs faster.,Active,"ai-powered-drug-discovery,biotech,healthcare",50,http://vergegenomics.com
"Corey Centen,Sarah Smith",S15,2015,"Healthcare,Consumer Health and Wellness",0,San Francisco,https://bookface-images.s3.amazonaws.com/small_logos/9af59cfe2253d45b23519fa9644441358b95d382.png,"Bodyport’s cardiovascular sensing weight scale and predictive algorithms detect early changes in cardiac function to help prevent avoidable hospitalizations. Bodyport is initially targeting heart failure, a chronic condition affecting over 6M Americans and a leading cause of hospitalizations (1M/year) and healthcare spending ($35B/year).

Bodyport’s novel scale measures cardiac output, congestion, heart rate, and other leading indicators of cardiovascular health — all in the same step patients already take to weigh themselves. Companion algorithms and software empower care teams to quickly identify at-risk patients and remotely optimize their therapy to prevent deterioration.",Bodyport,"San Francisco, CA, USA",Predicting and preventing heart disease.,Active,"medical-devices,healthcare,telemedicine",19,http://bodyport.com
"Waseem Alim,Zia Ashraf,Tejas Viswanath",S15,,"Consumer,Food and Beverage",0,"Dhaka, Bangladesh",https://bookface-images.s3.amazonaws.com/small_logos/8a7f7513296cd5afbbad6243fb872441af0160cf.png,"Chaldal.com is an online shop based in Dhaka, Bangladesh. It is a service rooted on the idea that shopping for necessities should not be a burden. At Chaldal, we believe that time is valuable to our fellow Dhaka residents, and that they should not have to waste hours in traffic, brave the weather and wait in line just to buy some eggs – which is why we deliver everything you need right at your door-step and at no additional cost!

Chaldal is a work in progress, and we hope to get better over time. We are firm believers in using technology to improve Bangladesh, and we will continue to invest all our effort in pushing the boundaries of technology in this country.",Chaldal,"Dhaka, Dhaka Division, Bangladesh",,Active,,2886,http://chaldal.com
Pushkar Mukewar,S15,2015,"Fintech,Credit and Lending",0,India,https://bookface-images.s3.amazonaws.com/small_logos/fd4c1794856699806ba4d2424920a88c78f1f201.png,"Drip is a digital trade finance startup.  Trade finance is an age-old paper-based industry dominated by banks that focus on large, established corporate customers. Today, however, small businesses account for 40% of trade, but still remain neglected by banks. Drip is using technology to re-build core parts of the trade finance infrastructure and make the underwriting and financing of B2B transactions seamless for small businesses. Our mission is to level the playing field for small businesses and to finance their trade at the click of a button.

Drip consists of experts in both finance and technology and has offices in Palo Alto and Mumbai. Drip is backed by top tier investors Accel,  Sequoia, Wing, Initialized and Y Combinator.",Drip Capital,"MH, India",Digital trade financing for small businesses,Active,,280,http://dripcapital.com
"Michael Kong,Kestrel Linder",S15,2014,Education,2,"Washington, DC",https://bookface-images.s3.amazonaws.com/small_logos/55a1d2299284203df1bfdb4eb60c9ad5ca6328d2.png,"GiveCampus is the world's #1 fundraising platform for non-profit educational institutions. Trusted by millions of donors and more than 1,300 colleges, universities, and K-12 schools, our mission is to advance the quality, the affordability, and the accessibility of education. We provide software, services, and expertise that help schools raise more money, from more people, at a fraction of the cost of other fundraising methods. Since 2015, our platform has facilitated more than $5 billion in charitable giving.",GiveCampus,"Washington, DC, USA",The fundraising platform for schools.,Active,"education,fintech,saas",85,http://go.givecampus.com
"JS Boulanger,George Favvas,Brent LaRue",S15,2015,"Healthcare,Consumer Health and Wellness",28,San Francisco,https://bookface-images.s3.amazonaws.com/small_logos/b41f594faeb80b2e4bc2e59901c4813b0dfb47ea.png,"Circle Medical is a venture-backed Y-Combinator healthcare startup on a mission to bring quality, delightful primary care to everyone on the planet. Built by top-tier physicians, engineers, and designers, our medical practice and underlying technology have pioneered how people find and receive care.

Our focus on building directly for our patients and providers to address serious care accessibility issues has enabled us to grow over 3X year-over-year. We’re now using our most recent round of funding from WELL Health, backed by Sir Li Ka-shing, to continue building out our hybrid in-clinic and telemedicine model across all fifty states.

As we enter the hypergrowth phase, we are looking for deeply motivated team players who are driven to solve some of the biggest challenges in healthcare so that people can live longer and healthier lives.

More about us can be found on our website!",Circle Medical,"San Francisco, CA, USA",Modern primary care via video and in-person,Active,"consumer-health-services,primary-care",153,https://circlemedical.com
"Sidra Qasim,Waqas Ali",S15,,"Consumer,Apparel and Cosmetics",0,San Francisco,https://bookface-images.s3.amazonaws.com/small_logos/95d23b05ce6f4cfdc38ec869ddd7d8a8aadd4e39.png,Markhor's leather footwear and accessories are handcrafted by some of the most skilled artisans in the subcontinent.,Markhor,"San Francisco, CA, USA",Markhor is a DTC company that works with craftsmen to make shoes and…,Active,fashion,5,http://markhor.com
"Marc Lara,Miguel Lara",S15,2015,"Healthcare,Consumer Health and Wellness",0,New York,https://bookface-images.s3.amazonaws.com/small_logos/88fec9dfedbdda0b2500bd5bc3d17a1e6b0e4ebf.png,"What we do?

We develop digital therapeutics to address unmet medical needs in hematology and oncology. 

How it works?

First we build networks of doctors and patients designed to track, predict and prevent disease. Second, we validate the safety and efficacy of our interventions in pivotal clinical studies to obtain regulatory clearance (SaMD). Finally, we aim to commercialize our products as prescription digital therapeutics (DTx).

Where are we now?

Today, we are the standard in digital hematology:

* Our hemophilia network covers 33% of all patients and providers in the US. 
* We bested 20+ competitors, including several Fortune 500 companies. 
* Our clients include: Sanofi, Bayer, Novo Nordisk, Biogen, and Roche. ",MicroHealth,"New York, NY, USA",Digital hematology,Active,"digital-health,healthcare",10,http://microhealth.com
"Merih Akar,Ismail Ceylan,Pelin Kenez,Berk Çebi",S15,2015,"B2B,Engineering, Product and Design",0,San Francisco,https://bookface-images.s3.amazonaws.com/small_logos/3058f679df3968424c2744203d637cac6ef08716.png,"Zeplin is an organized workspace to publish finalized designs, where the entire team can collaborate to ship beautiful products together. We were founded in 2014 and today we are honored to support 5+ million users from thousands of product teams including Apple, Starbucks, Salesforce, Amazon, Microsoft, Audi and many more. We’re a Y Combinator startup, also backed by amazing investors like Elad Gil, Mike Maples, Kevin Hale. We’re a distributed crew with offices in San Francisco, Istanbul and London.

We're Hiring! Please apply directly on Zeplin's job site: https://zpl.io/jobs",Zeplin,"San Francisco, CA, USA",Deliver on the Promise of Design,Active,"developer-tools,saas,design-tools",140,https://zeplin.io
"Harrison Steed,Austin Steed",S15,2015,"Industrials,Agriculture",0,"Los Angeles, CA",https://bookface-images.s3.amazonaws.com/small_logos/d4124777f89a4a55489a667bdac411c040d2ef64.png,"PickTrace is a fast growing software company that provides workforce and harvest management solutions for large-scale farms. Founded by brothers Austin and Harrison Steed, PickTrace is building the farm management system of the future. 

PickTrace builds powerful software products that help agriculture companies thrive. Our workforce and harvest management software helps growers gain insight into their operations and improve their operational efficiency. Everything that we do is based on the conviction that we succeed when our customers build a more efficient, compliant, and profitable operation.",PickTrace,"Los Angeles, CA, USA",Workforce Management for Large Farms,Active,saas,65,http://picktrace.com/company
Keith Ryu,S15,2015,"B2B,Recruiting and Talent",0,San Francisco,https://bookface-images.s3.amazonaws.com/small_logos/d2ac289c0156c41e04d1f111b1eeac68ebcc6117.png,"Fountain’s all-in-one high volume hiring platform empowers the world’s leading enterprises to find the right people through smart, fast, and seamless recruiting. Candidates can apply anytime, anywhere in minutes, right from their phone. Automated and customizable processes streamline the candidate experience and save time for recruitment teams so they can scale with growing hiring needs. Advanced analytics provide end-to-end process visibility so managers can make swift, data-driven decisions. Throughout the candidate journey, the openly integrated platform enables companies to find, qualify and convert more applicants. Fountain’s global customers hire over 1.2 million workers annually in 78 countries.",Fountain,"San Francisco, CA, USA",High volume hiring made simple,Active,"aiops,marketplace,saas,hr-tech",200,http://fountain.com
"Ram Jayaraman,Bhavuk Kaul",S15,2015,"Fintech,Payments",0,New York,https://bookface-images.s3.amazonaws.com/small_logos/2ddaee10acb71c657308a3d62234972fbca8392d.png,"Plate IQ makes accounts payable simple.

Automated accounts payable software replaces manual data entry by digitizing your invoices down to the line item, automatically assigning them your proper GL codes, syncing the information to your accounting software, and providing analytics around purchasing. Plate IQ also offers one-click bill pay, inventory, and cloud-based data storage that allows businesses to go paperless.",Plate IQ,"New York, NY, USA",Automated Accounts Payable,Active,"fintech,finance",200,https://plateiq.com/
Kartik Venkataraman,S15,,"Fintech,Consumer Finance",0,"Gurugram, India",https://bookface-images.s3.amazonaws.com/small_logos/183f0ec3e40c4ede1e9890d348891e13b1af9608.png,"RedCarpet issues credit cards to those that banks cannot see. Currently we are one of the largest issuers of credit lines to the new-to-credit customer in India.
In a population base of 800 million people with bank accounts, there are less than 40 million credit cards. 
By building a fullstack SDK for card issuance, underwriting as well as holding capital & collection ops, we are looking to build the Capital One of India.
",RedCarpetUp,"Gurugram, HR, India",Credit cards for Indians that banks cannot see,Active,fintech,100,http://redcarpetup.com
"Mike Allen,Mark Godfrey",S15,,"Consumer,Content",0,San Francisco,https://bookface-images.s3.amazonaws.com/small_logos/3d612516760a137f36f04de94b593835d2a101f5.png,"Shred Video, a new startup launching out of Y Combinator, allows users to take footage from their iPhone, GoPro or drone and simply match it with a song from the user’s iTunes library. That’s all. Shred Video does the rest of the work.

Taking into account the acceleration of the camera itself, Shred Video can pin-point the moments of action for surfers, snowboarders, skaters and other acceleration-based sports to highlight all of the coolest clips in your footage. And beyond that, Shred Video matches those epic moments with the beat-drop of the song.",Shred Video,"San Francisco, CA, USA",Shred Video builds automated video & photo systems that allow…,Active,"travel,video",2,https://shredvideo.com
"Martin Kessler,Alexandre Wayenberg",S15,2015,"Consumer,Consumer Electronics",1,San Francisco,https://bookface-images.s3.amazonaws.com/small_logos/51a78fd63bb7c35e64c4b0654f44569b121ca09b.png,"Shape is a health tech startup based in San Francisco, California. We are backed by Y Combinator and the company is led by experienced hardware serial entrepreneurs. Shape has designed a product called ShapeScale. ShapeScale is transforming the way we measure our health goals by enabling you to visualize yourself in 3D and see where you have been losing fat and gaining muscle.",Shape (ShapeScale),"San Francisco, CA, USA",ShapeScale is a personal 3D scanner and fitness tracker that…,Active,"hardware,computer-vision,consumer-health-services",7,https://shapescale.com
"Bo Chen,Juan Gonzalez,Moses Lo",S15,2015,"Fintech,Payments",1,"Jakarta, Indonesia",https://bookface-images.s3.amazonaws.com/small_logos/82971ab934851a55cee1aa3b11b22839902e7f2e.png,"Xendit provides payment solutions that simplify the payment process for businesses in Southeast Asia, including Indonesia, Philippines, Malaysia, Thailand and Vietnam from SMEs, e-commerce startups to giant corporations. 

Xendit provides a secure, easy-to-integrate payment system, and seamless payment experience supported by great customer service. With a diverse range of products, Xendit’s system can accept payments from virtual accounts, credit and debit cards, eWallets, retail outlets, and also online installments. 

With our aim to build Indonesia and the Philippines’s payment infrastructure, Xendit is on its way shaping the next generation of unicorns by empowering startups to grow exponentially through the products we offer. 

Xendit is licensed and regulated in multiple countries in Southeast Asia
",Xendit,"Jakarta, Jakarta, Indonesia",Provides payment infrastructure for Southeast Asia,Active,fintech,700,https://www.xendit.co/
"William MacAskill,Benjamin Todd",S15,2011,Unspecified,0,"London, United Kingdom",https://bookface-images.s3.amazonaws.com/small_logos/9717ebf61e08e0417b1eac391fe28f656e1af4fc.png,"We provide research and support to graduates who want to use their careers to make a big positive impact in the world. We have an online guide that tells you new ways to make an impact, and one-on-one advice & introductions to help people take action.","80,000 Hours","London, England, United Kingdom",An online guide that tells talented graduates how to maximise the…,Active,,13,http://80000hours.org
"Dave Gandy,Travis Chase",S15,2014,"B2B,Engineering, Product and Design",0,"Bentonville, AR",https://bookface-images.s3.amazonaws.com/small_logos/fa479320e3d153a191f13fca9e3c89b631a02350.png,"Add a line of code and get thousands of icons and social logos on your website instantly. Easy to set up, easy to use, and crazy powerful. Let us take care of the icons so you can get back to the important stuff.

Font Awesome. Go make something Awesome.",Font Awesome,"Bentonville, AR, USA",Icons and social logos for your website.,Active,"developer-tools,saas,design-tools",17,http://fontawesome.com
Robyn Exton,S15,2013,"Consumer,Social",0,San Francisco,https://bookface-images.s3.amazonaws.com/small_logos/1141fa64c1ce94b09edc968450963241d19a4b50.png,"HER is here to connect womxn and queer people.

Our dating app helps LGBTQ+ folks express their identity fully and unequivocally to meet someone for love, lust or anything in between. 
Our communities connect people to each other socially around interests and identity. Group chats around what's important to you as well as listings of LGBTQ+ evens taking place in your area. 

HER also hosts events in 12 cities across the world, helping queer womxn meet in person. Our parties are typically 300-600 people per event and we host 4 per month. 
",HER,"San Francisco, CA, USA","HER helps lesbian, bisexual and queer people meet each other",Active,consumer,10,http://weareher.com
"Ritesh Patel,Jigar Patel",S15,2011,"Consumer,Travel, Leisure and Tourism",0,"Los Angeles, CA",https://bookface-images.s3.amazonaws.com/small_logos/e53c336b6f7cfa45e97633c6ccf498e2fda8b386.png,"The Ticket Fairy is a next-generation event ticketing, marketing, management, intelligence and revenue acceleration platform, providing event promoters and venue managers the tools necessary to increase attendance levels, social media exposure and consumer engagement, and provide an enhanced experience to their patrons.

The Ticket Fairy is helping large and small events maximise their revenue potential in Australia, New Zealand, India, the United States, and the United Kingdom and Europe, with closed beta trials in East Africa, Singapore, Thailand and Malaysia.",The Ticket Fairy,"Los Angeles, CA, USA",Revenue generation for live events,Active,"marketplace,saas,entertainment",15,https://www.ticketfairy.com/
Siping Wang,S15,,"Healthcare,Healthcare IT",0,Boston,https://bookface-images.s3.amazonaws.com/small_logos/ddb32b2efdb22265a0c610b84a66c92b4e545b61.png,"TetraScience provides the world’s first and only R&D Data Cloud, with a mission to transform life sciences R&D, accelerate discovery, and improve human life. Scientists at global pharma and biotech organizations rely on our innovative Tetra Data Platform for easy access to centralized, harmonized, and actionable scientific data to accelerate their digital lab transformation. With best-in-class SaaS performance, a team of industry innovators, and excellent product/market fit, Tetra is positioned to become an iconic life sciences software company.",TetraScience,"Boston, MA, USA",The only R&D data cloud for life sciences,Active,"saas,data-engineering",100,https://www.tetrascience.com
